<?xml version="1.0" encoding="UTF-8"?>
<!DOCTYPE manifest PUBLIC "-//MECA//DTD Manifest v1.0//en" "MECA_manifest.dtd">
<manifest manifest-version="2.0" xmlns="https://manuscriptexchange.org/schema/manifest" xmlns:xlink="http://www.w3.org/1999/xlink">
  <item item-type="article-metadata">
    <instance media-type="text/xml" xlink:href="index.xml"/>
  </item>
  <item item-type="manuscript">
    <instance media-type="application/vnd.openxmlformats-officedocument.wordprocessingml.document" xlink:href="index.docx"/>
  </item>
  <item item-type="manuscript-supporting-file">
    <instance media-type="image/png" xlink:href="_manuscript/figures/conceptual_2.png"/>
  </item>
  <item item-type="manuscript-supporting-file">
    <instance media-type="image/png" xlink:href="figures/conceptual_2.png"/>
  </item>
  <item item-type="manuscript-supporting-file">
    <instance media-type="image/png" xlink:href="_manuscript/figures/illustration-part1.png"/>
  </item>
  <item item-type="manuscript-supporting-file">
    <instance media-type="image/png" xlink:href="figures/illustration-part1.png"/>
  </item>
  <item item-type="manuscript-supporting-file">
    <instance media-type="image/png" xlink:href="_manuscript/figures/illustration-part2.png"/>
  </item>
  <item item-type="manuscript-supporting-file">
    <instance media-type="image/png" xlink:href="figures/illustration-part2.png"/>
  </item>
  <item item-type="manuscript-supporting-file">
    <instance media-type="text/markdown" xlink:href="coverletter.md"/>
  </item>
  <item item-type="manuscript-supporting-file">
    <instance media-type="text/markdown" xlink:href="reviews/003_MEE/003.md"/>
  </item>
  <item item-type="manuscript-supporting-file">
    <instance media-type="text/markdown" xlink:href="reviews/002_MEE/002.md"/>
  </item>
  <item item-type="manuscript-supporting-file">
    <instance media-type="text/markdown" xlink:href="reviews/001_MEE/001.md"/>
  </item>
  <item item-type="manuscript-supporting-file">
    <instance media-type="application/x-ipynb+json" xlink:href="SupplementaryMaterial.ipynb"/>
  </item>
  <item item-type="article-source">
    <instance media-type="application/octet-stream" xlink:href="source/.JuliaFormatter.toml"/>
  </item>
  <item item-type="article-source">
    <instance media-type="application/octet-stream" xlink:href="source/.gitignore"/>
  </item>
  <item item-type="article-source-environment">
    <instance media-type="application/octet-stream" xlink:href="source/Project.toml"/>
  </item>
  <item item-type="article-source">
    <instance media-type="text/markdown" xlink:href="source/README.md"/>
  </item>
  <item item-type="article-source">
    <instance media-type="application/x-ipynb+json" xlink:href="source/SupplementaryMaterial.ipynb"/>
  </item>
  <item item-type="article-source">
    <instance media-type="text/plain" xlink:href="source/code/PanTHERIA_1-0_WR05_Aug2008.txt"/>
  </item>
  <item item-type="article-source">
    <instance media-type="text/plain" xlink:href="source/code/PanTHERIA_1-0_WR93_Aug2008.txt"/>
  </item>
  <item item-type="article-source">
    <instance media-type="application/octet-stream" xlink:href="source/code/demo.jl"/>
  </item>
  <item item-type="article-source">
    <instance media-type="text/markdown" xlink:href="source/coverletter.md"/>
  </item>
  <item item-type="article-source">
    <instance media-type="image/svg+xml" xlink:href="source/figures/conceptual-revision.svg"/>
  </item>
  <item item-type="article-source">
    <instance media-type="image/png" xlink:href="source/figures/conceptual_2.png"/>
  </item>
  <item item-type="article-source">
    <instance media-type="image/png" xlink:href="source/figures/illustration-part1.png"/>
  </item>
  <item item-type="article-source">
    <instance media-type="image/png" xlink:href="source/figures/illustration-part2.png"/>
  </item>
  <item item-type="article-source">
    <instance media-type="application/json" xlink:href="source/metadata.json"/>
  </item>
  <item item-type="article-source">
    <instance media-type="application/octet-stream" xlink:href="source/references.bib"/>
  </item>
  <item item-type="article-source">
    <instance media-type="text/markdown" xlink:href="source/reviews/001_MEE/001.md"/>
  </item>
  <item item-type="article-source">
    <instance media-type="application/pdf" xlink:href="source/reviews/001_MEE/001.md.pdf"/>
  </item>
  <item item-type="article-source">
    <instance media-type="text/markdown" xlink:href="source/reviews/002_MEE/002.md"/>
  </item>
  <item item-type="article-source">
    <instance media-type="application/pdf" xlink:href="source/reviews/002_MEE/002.md.pdf"/>
  </item>
  <item item-type="article-source">
    <instance media-type="text/markdown" xlink:href="source/reviews/003_MEE/003.md"/>
  </item>
  <item item-type="article-source">
    <instance media-type="application/octet-stream" xlink:href="source/reviews/compile.sh"/>
  </item>
</manifest>